{
  "start": {
    "x": 0.6248548199767712,
    "y": 0.8397212543554007,
    "type": "start"
  },
  "end": {
    "x": 0.2764227642276423,
    "y": 0.20092915214866433,
    "type": "end"
  }
}